{"cameraMode":{"drawMode":0,"name":"Shaded","section":"Shading Mode"},"sceneLighting":false,"audioPlay":false,"sceneViewState":{"showFog":true,"showMaterialUpdate":false,"showSkybox":false,"showFlares":true,"showImageEffects":true,"showParticleSystems":true},"in2DMode":false,"pivot":{"x":-29.277257919311525,"y":-8.124385833740235,"z":-55.66210174560547},"rotation":{"x":-0.02686970680952072,"y":0.9460943341255188,"z":-0.08138449490070343,"w":-0.3123549818992615},"size":38.7366943359375,"orthographic":false}