{"cameraMode":{"drawMode":0,"name":"Shaded","section":"Shading Mode"},"sceneLighting":false,"audioPlay":false,"sceneViewState":{"showFog":true,"showMaterialUpdate":false,"showSkybox":false,"showFlares":true,"showImageEffects":true,"showParticleSystems":true},"in2DMode":false,"pivot":{"x":-1.9999420642852784,"y":-3.8130226135253908,"z":4.6735992431640629},"rotation":{"x":-0.3346901834011078,"y":0.20218271017074586,"z":-0.07375818490982056,"w":-0.917427122592926},"size":3.2677605152130129,"orthographic":false}