{"cameraMode":{"drawMode":0,"name":"Shaded","section":"Shading Mode"},"sceneLighting":true,"audioPlay":false,"sceneViewState":{"showFog":true,"showMaterialUpdate":false,"showSkybox":true,"showFlares":true,"showImageEffects":true,"showParticleSystems":true},"in2DMode":false,"pivot":{"x":4.179176330566406,"y":1.9415507316589356,"z":10.189617156982422},"rotation":{"x":-0.25146350264549258,"y":0.3374594748020172,"z":-0.0940530076622963,"w":-0.9022464752197266},"size":13.271864891052246,"orthographic":false}