{"cameraMode":{"drawMode":0,"name":"Shaded","section":"Shading Mode"},"sceneLighting":false,"audioPlay":false,"sceneViewState":{"showFog":true,"showMaterialUpdate":false,"showSkybox":false,"showFlares":true,"showImageEffects":true,"showParticleSystems":true},"in2DMode":false,"pivot":{"x":3.6501808166503908,"y":2.4192352294921877,"z":2.477205753326416},"rotation":{"x":-0.1394437998533249,"y":0.8280782699584961,"z":-0.23615524172782899,"w":-0.4889575242996216},"size":8.50444507598877,"orthographic":false}