{"cameraMode":{"drawMode":0,"name":"Shaded","section":"Shading Mode"},"sceneLighting":true,"audioPlay":false,"sceneViewState":{"showFog":true,"showMaterialUpdate":false,"showSkybox":true,"showFlares":true,"showImageEffects":true,"showParticleSystems":true},"in2DMode":false,"pivot":{"x":5.739131450653076,"y":-14.365361213684082,"z":41.57106018066406},"rotation":{"x":-0.22897908091545106,"y":0.04759069159626961,"z":-0.011208225972950459,"w":-0.9722042679786682},"size":27.210657119750978,"orthographic":false}