{"cameraMode":{"drawMode":0,"name":"Shaded","section":"Shading Mode"},"sceneLighting":true,"audioPlay":false,"sceneViewState":{"showFog":true,"showMaterialUpdate":false,"showSkybox":true,"showFlares":true,"showImageEffects":true,"showParticleSystems":true},"in2DMode":false,"pivot":{"x":6.194969654083252,"y":6.365188121795654,"z":1.0141611099243165},"rotation":{"x":-0.050573937594890597,"y":-0.9483901262283325,"z":0.2429826706647873,"w":-0.19739648699760438},"size":9.367284774780274,"orthographic":false}